first_name,last_name,client_id,title,address,uuid,client_since
Lisa,Harris,854552,,"934 Jones Streets Apt. 274 East Leahbury, NJ 36076",1e199bdb-f8f5-4544-ae9b-1943581d4b90,2023-12-19
Kevin,Armstrong,136094,,"7367 Sparks Plaza North Robertmouth, GU 63724",6395de94-1dfa-429e-8908-9db0d4249c9a,2024-05-30
Wayne,Blackburn,201606,,"4962 Chen Mission Apt. 103 Allisonborough, NV 44139",7a90978d-37ef-4417-8dfa-3dcbc67284ce,2024-12-02
Anthony,Smith,551045,,"PSC 9792, Box 4398 APO AE 75234",9107dd9d-f95c-4557-aa20-ddb38724d476,2023-09-18
Clinton,Parker,789362,,"362 Robert Gardens Apt. 972 Carrfort, AL 82723",f86fbab7-36be-4607-8694-fb11c86126c4,2023-09-02
Seth,Bryant,465141,,"797 Fletcher Creek Suite 029 Lake Michael, OK 99847",f6ee5d3c-c50f-4aee-8316-3df1b230df1e,2023-06-24
Kevin,Nelson,694299,,"2831 Amanda Crescent East William, MO 14181",4cc531b2-2456-4892-b734-76af3e128edb,2024-06-26
Laura,Hampton,788256,,"28014 Bowers Springs North Angela, MI 15007",8890d7ba-7ccf-4d1b-b57a-e526bc0f1a28,2023-04-08
Joseph,Brown,400658,,"10285 Robert Glen Suite 660 East Jacob, MS 60584",e36528a4-91ee-4cde-bcad-1b69dd525de1,2023-12-15
Russell,Gay,297470,,"4698 Hall Flat Suite 948 East Michelle, TN 83262",6a1f6846-9cd4-4435-9562-1b0ccf28d791,2024-12-09
Rachel,Larson,516349,,"713 Bryant Isle Apt. 574 Port Denisefort, NH 59144",7eaf5a82-cb0b-4208-8826-ba6ee705a2b5,2023-10-26
Andrew,Wiggins,670325,,"PSC 0335, Box 0017 APO AE 33102",a35be85a-79c9-4342-88aa-a5f902ca9a71,2025-01-31
Sharon,Cline,460322,,"433 Shari Squares Apt. 378 East Natalieberg, GU 30116",3fefca36-129f-4f10-855f-819d56fd1990,2025-01-01
Allison,Sanchez,385729,,"1717 Roberson Pine Apt. 041 Sandraview, RI 18107",565e167d-0ff0-4bc6-b1c6-863f1075d37f,2024-11-01
Anthony,Allen,439398,,"1151 Mitchell Union Suite 836 East Ryan, ID 80264",4f42aa9f-e4f7-43e3-8d24-a37cfe4e9048,2023-08-10
Curtis,Bauer,553335,,"8082 Stewart Gardens Suite 350 Bergerbury, WV 03097",2a022e84-275b-4014-b4a5-ea91e1043462,2024-02-03
Michael,Pennington,425130,,"5170 Angela Loop Vasquezburgh, CO 63019",ee526505-42f0-40d5-8e2e-e5c4677aa025,2024-06-12
Michelle,Davis,857707,,"02421 Martinez Stravenue North Douglas, AR 39203",4daa1288-0762-4956-b722-e37c427a34d1,2024-09-28
Stephanie,Reid,721848,,"454 Sawyer Way New Heather, NV 94178",1dd64e08-5106-47c6-b09c-af5c7110dacc,2024-06-14
Kristin,Ford,738059,,"409 Chelsea Alley Suite 467 Cassandramouth, MH 42576",666daa3d-c8fe-4e0c-8a24-99b4987e7865,2024-09-21
Paige,Edwards,213444,,"315 Charles Common Port Thomas, IN 42571",8252105f-d261-46f4-8781-c2a315100664,2023-06-15
Jeff,Cruz,701388,,"73471 Hernandez Road Lake Robertoville, MN 11159",69eccdd8-7fd0-4d5e-ab91-1fef917b16eb,2025-05-21
Michelle,White,434140,,"259 Cooper Villages Suite 535 North Shannon, TN 19482",19755944-8ede-4ffc-9e30-be822ce5f751,2025-03-24
Crystal,Rose,147626,,"7788 Armstrong Curve Apt. 404 Patriciaport, MS 37989",567b36ef-3edb-4a77-bcf3-d7766b8c63e7,2024-04-12
Jennifer,Steele,877251,,"165 Neal Island Apt. 788 Martinezville, TN 36387",b8b016d2-c8a3-423e-8e3b-8b52a0e35b2f,2023-07-17
George,Henderson,899899,,Unit 5422 Box 8134 DPO AA 83459,ff020658-576b-4d3a-920d-bc97a671937d,2025-05-11
Lisa,Maynard,143280,,"367 Cervantes Run Ricemouth, ME 86847",c764ba8f-5d8b-4ac8-a9f4-453d8ed7b9b0,2025-06-14
Robert,Long,892357,,"613 Duran Ports Apt. 807 West Saratown, GU 39194",dfd1926c-1ab1-4bf4-b767-f007ab8cac9e,2023-08-04
Timothy,Gates,425652,,"42395 Clark Ferry Mitchellton, ND 92747",bb6e0ed9-e8bb-4dd3-b7f3-d4a0e2f9c260,2024-08-17
Stacy,Trujillo,296377,,"966 Barron Points Suite 395 New Troy, GA 60416",0e2d668d-2ebb-4a0a-a78c-499f444629b4,2024-12-14
Daniel,Smith,435008,,"9426 Joseph Lodge Port Angelaview, KS 21959",793d5316-121b-4af3-b6ea-a5a5c5c3945a,2024-12-26
Amy,Thomas,191023,,"0426 Timothy Brook Apt. 550 Lake Michaelbury, NY 11172",31575e1c-658e-46e0-9b30-c452984bd463,2023-09-29
Russell,Decker,853145,,"22995 Holmes Mountains Apt. 910 Lake Lisa, AS 97351",2250a129-be18-488e-b7ff-0dc6440d65d0,2025-06-09
John,Brooks,551947,,"71644 Hughes Cape Christopherstad, VI 30835",111e94fd-81f5-4233-927e-fb10d319ff5b,2024-05-11
Melissa,Sanchez,598233,,"95689 Higgins Plain Apt. 444 West Walterfort, SD 44206",a3536ac7-459a-4d93-85a5-34077937b5b0,2025-05-05
Brittney,Ramirez,582188,,USCGC Bradley FPO AE 30251,932900a6-a64c-49c6-baf0-51d6d54a6010,2024-01-08
Lauren,Frazier,122027,,"626 Moss Court Myershaven, MP 69452",307aa9ea-035e-4a08-addf-df89b24881a9,2024-11-03
Thomas,Mendoza,670310,,Unit 4255 Box 2438 DPO AE 40304,fa1295c2-b4a5-44e0-a962-7ab04e528ce8,2024-09-29
Jerry,Boyd,203011,,"34731 Patterson Tunnel Mercadoland, AZ 29334",3a750765-cd46-4d64-8f0b-fa485411716f,2024-01-10
Ryan,Porter,698603,,"8302 Kyle Inlet Apt. 704 Lake Sandra, FM 82828",b18b98b8-0c69-4a8a-be55-892da950265d,2024-07-15
Richard,Wilson,526573,,"0713 Garrison Divide Jamesmouth, MO 55154",66c6035d-dc88-48f2-bfb9-9b10f38d8b34,2025-04-22
Jon,Taylor,520691,,"73239 Ross Rapid New Michael, MA 86248",c3331191-3b1d-4437-b884-c5e04d08c491,2025-04-29
Ronald,Gomez,668899,Dr.,"97908 Palmer Plains Apt. 531 Jamestown, WI 58242",802aad56-761e-47e2-b6d9-1c5d507473d1,2024-12-02
Christopher,Johnson,395956,,"08394 Perry Groves Ericshire, NJ 38775",9e237843-13ce-44e4-9579-07b3ae91604c,2023-06-28
David,Fischer,692430,,"32185 Petersen Gateway Bennettview, SC 10233",d586566a-8972-4e3a-846f-4a4306ae0d54,2023-07-28
Jonathan,Zuniga,696606,,"542 James Lodge Apt. 738 Davidton, KY 31387",e54a1273-2855-47b4-9438-761c84e9aa6d,2025-06-20
Stuart,Roberts,248573,,"7347 Michael Drive Meganstad, VI 38130",5b87a33e-eff7-4333-a32d-de742c4af8b7,2023-01-24
Tiffany,Washington,544571,,"593 Hoffman Shoals Apt. 303 Matthewfort, UT 36970",e8773154-d92b-4adf-9b95-00ea43ea9700,2023-01-19
Melinda,Nguyen,398662,,"8103 Arroyo Stravenue Kimland, MP 93691",575663ec-5993-4699-b8a2-7883782f897d,2025-03-15
William,Bennett,667681,,"421 Sheppard Valleys Suite 584 Robertmouth, OR 41372",92b1b08f-b403-4a13-a657-5f801cf944d6,2024-06-28
Cynthia,Williams,676511,,USCGC Patel FPO AP 35488,2f368a22-6bce-49f2-88ea-1c2031741e8c,2025-01-12
Brianna,Becker,380587,,"110 Sims Shores West Dianaville, DE 21377",8386a432-3b8b-459b-9581-de0de5e499ca,2023-11-15
Jason,Brewer,299356,,"267 Diana Turnpike Apt. 525 Cardenasburgh, HI 72227",851aee78-6ca6-4a10-ad0e-f54f2c9b5d5d,2024-07-24
Shawn,Hines,174151,,"0642 Donald Causeway Saundersstad, MI 76511",c66238c2-cbe4-4de4-8ead-190e63a6d7ff,2024-03-10
Thomas,Klein,332944,,"0306 Victoria Club Suite 473 New David, VI 93650",99ba6f1d-c9f2-4cbe-9a55-1db28987640c,2023-04-21
Jeffrey,Miller,436054,,"0297 Boyd Avenue Jenniferton, NV 32239",d60bd3a6-3d10-4083-aefd-86960e08406c,2023-10-22
Cynthia,Carter,405046,,"9545 Morgan Track Apt. 133 North Ronaldhaven, IL 92718",533403c0-9160-4523-9739-179da952f2ee,2023-10-03
Brian,Lee,578477,,"14619 David Cape New Kimtown, CO 98720",aa89b91d-54e4-426e-b0be-a5b501138513,2023-01-18
Erin,Reeves,464227,,Unit 9451 Box 9534 DPO AP 34898,a8786653-1da7-4059-8a97-542caae1e6e7,2024-03-18
Eric,Miller,726708,,"31239 Brittany Fort Elizabethstad, GA 71788",5a87cca6-041a-48c7-89fd-7c0a4eb2acdc,2024-08-03
Holly,George,262095,,Unit 3006 Box 8375 DPO AE 47624,09c3e278-3f2b-4136-a486-0de4e11b4395,2023-07-27
Brittany,Paul,316315,Dr.,"362 Susan Ford Port Kristin, IA 42764",6e0e1bd5-cb60-47b0-a986-dac29de41eba,2023-01-20
Ashley,Rodriguez,177781,,"02339 Pope Trail Palmermouth, GU 58590",4dab516c-faac-4a18-b253-2bace6896a11,2024-05-27
Charles,Wells,766569,Dr.,"74522 Joshua Rue Suite 641 North Donnafurt, CT 89449",1cfdfe76-c307-4438-a3aa-04efbc21eef9,2024-10-20
Danielle,Larson,290616,,"754 Ramirez Road Yoderborough, WA 82736",f9574015-27b8-48dd-acee-d66497fae595,2024-01-22
Sean,Hoffman,782285,,"6773 Savage Squares Lake Phillipstad, NV 84001",4057ac75-5e01-49c9-9411-573937854901,2024-12-13
Jenna,Frye,741684,,"765 Green Drives Apt. 024 New Cynthiamouth, MA 55029",005dc854-c120-4db6-a2b4-03d241da8bcc,2023-02-05
Jennifer,Perez,843272,,"10222 Nicholas Roads Apt. 038 East Melanieshire, UT 00729",b1f8dea7-5cc5-4d8e-8c1e-4c019f356ccc,2023-11-09
Annette,George,677015,,"179 Patel Roads Apt. 973 Cainborough, ND 41547",245c6330-cb57-426c-9858-b03b179bfbf0,2023-11-05
Robert,Lewis,791939,,"7751 Erickson Place Suite 865 South Monica, PW 99406",af2fe2ca-2917-47d2-9c2c-d5083456e9ee,2023-03-09
Matthew,Barker,500893,Dr.,"85233 Antonio Avenue North Angela, MO 49770",f79582bc-e733-4a9b-b97f-63f5c0d9bd76,2024-06-22
Kelsey,Whitaker,126242,,"368 Romero Square Suite 445 Lake Ryanbury, NE 32448",074867ed-1062-476c-be7c-5310fe9c44fc,2024-01-16
Daniel,Ward,814288,,"592 Mary Fort Suite 470 Carolshire, MT 97399",2ba75445-8121-4441-9cb5-521ceabc3be5,2024-01-15
Joseph,Schultz,725211,Dr.,"4184 Kevin Dam Apt. 270 North Sheilaville, AR 20716",348ab48e-dbe8-4eb6-978c-b96fa17d5b4f,2025-03-12
Daryl,Holt,144944,,"02220 Jennifer Crossroad Suite 063 New Shannon, VI 17035",37b9461f-d32f-4107-b02f-7bb65537541f,2025-06-01
Sharon,Tran,874194,,"522 Landry Mission Suite 632 South Samanthastad, SD 71654",c67b8699-0d75-42c4-8d5c-f147a43d883c,2025-01-27
Sandra,Bender,468506,,"60554 Richard Squares Apt. 978 Janetton, CA 95712",d84f612c-102e-4fae-9277-57072bff2417,2024-08-25
Sean,Robles,104250,,"29588 Harris Via Apt. 708 Buckton, IA 89276",51ca648f-ae49-4f9f-b072-bbba19aef95f,2023-09-17
Bryan,Sherman,617803,,"2155 Cynthia Drive Suite 788 Pooleland, HI 38307",4c2a68aa-c05b-4cbe-958b-9fb39bdfb05c,2024-01-01
Gabrielle,Russell,347862,,"01532 Clark Unions Apt. 844 Lake Tylerbury, VT 11933",4bb63b0e-110a-44ae-874e-6c91483cd69f,2024-03-22
Chelsea,Smith,414446,,"64907 Elizabeth Club Apt. 369 Smithfort, PA 74840",536c274d-efd4-4977-81e2-b2ae50e7e318,2024-07-09
Daniel,Escobar,392846,,"009 Kemp Lane Port Jessica, NJ 06332",d6a37b94-f155-4ff4-a9fa-0de25759e35f,2024-01-09
Kevin,Davis,755000,,USCGC Joseph FPO AE 19024,dcf6aa67-a3a6-425b-aba4-1af3ba944880,2023-03-29
Cameron,Short,820768,,"931 Douglas Ranch Lake Jerry, PW 03877",4535fda8-c085-413f-b322-8e93d4515ba8,2024-04-08
Michelle,Jackson,420508,,"690 Thompson Rapids New Anna, PW 13469",c8869676-535b-4880-91e0-7e53c39baba9,2024-10-06
Andrew,Mckay,475493,,"8233 Burns Ranch Edwinfort, UT 11183",87a0aa25-e9f3-4aa9-b2b5-5b23d41e6d71,2023-02-14
Anna,Stone,614807,,"4767 Randall Junctions Muellerstad, MD 49320",a44a5b84-eb4c-45c8-89c4-4aa99bacc97b,2023-09-02
Charles,Sanders,612787,,"8052 Mario Fields Apt. 094 Lake Veronica, MO 25780",99e1578c-7e12-44b1-ba76-853a8bbef0bb,2023-11-04
Stacy,Jones,501236,,"64333 Johnson Villages South Gregoryborough, MN 56885",2b34e2bf-c386-4214-8b81-b5513658d7c6,2024-02-21
Amy,Kennedy,406670,,"151 Reynolds Gateway Suite 736 South Josephside, UT 53935",e870a9a2-9e04-4ec1-8824-91fc0dd97d22,2024-06-18
Stephanie,Baker,147043,,"PSC 0423, Box 3446 APO AP 38097",387bcf8d-bb37-4902-b8d7-1b308c52b024,2023-12-20
Kyle,Moran,120893,,"744 Cox Squares Suite 388 Kevinside, ME 53416",960b934a-2110-4ece-b86c-5d54666385bc,2025-03-08
Jack,Williams,506352,,"014 David Parkway Apt. 580 Elizabethview, OK 98379",1cd09f57-8dd3-4ff2-b93f-11ddd053a845,2025-02-28
Kimberly,Joseph,256049,,"8622 Lisa Harbors Suite 143 Oliviafurt, VA 28864",bfc6476a-7d59-4ab8-861d-ce329429d989,2024-08-28
Joshua,Brown,218984,,"7438 Kendra Alley Lake Thomas, IA 01393",274cc7ed-d36f-4c88-b9f8-8706f34f7154,2023-06-24
Joseph,Ramos,897470,,USS Cain FPO AA 91578,6113b968-2545-481f-b5a9-41f7fc57c23a,2024-02-11
Aaron,Grant,531361,,Unit 9803 Box 7914 DPO AE 19578,3107174f-914f-4440-b720-65bbe8f71dc2,2024-10-01
Jonathan,Baker,860321,,"6605 Teresa Plaza Jaredfort, AZ 94337",8c879ba3-2088-4f4b-aefd-80cb1ceed1f2,2023-07-20
Brad,Kelley,304881,,"937 Norris Gardens Port Dantown, IN 08919",456facf2-6c65-407d-91c6-edb76d88ed0e,2024-02-23
Scott,Hart,766469,,"85200 Rosales Locks East Kathryn, AR 18296",85e34536-f435-4083-888b-ce5e37688b00,2024-08-24
